;ITALIAN
monster_name/arachnoid_boss;Capo aracnoide
monster_name/arachnoid;Aracnoide
monster_name/arachnoid_alpha;Aracnoide Alfa
monster_name/arachnoid_elite;Aracnoide Elite
monster_name/arachnoid_ultra;Aracnoide Ultra
monster_name/baxmoth;Falena di Bax
monster_name/baxmoth_alpha;Baxmoth Alfa
monster_name/baxmoth_ultra;Baxmoth Ultra
monster_name/bitrid;Bitride
monster_name/bitrid_alpha;Bitride alfa
monster_name/bitrid_ultra;Ultra bitrido
monster_name/bomogan;Bomogan
monster_name/bomogan_alpha;Bomogan Alfa
monster_name/bomogan_ultra;Bomogan Ultra
monster_name/canoptrix;Canoptrice
monster_name/canoptrix_alpha;Canoptrix Alpha
monster_name/canoptrix_ultra;Canoptrix Ultra
monster_name/carnicinth;Carnicinto
monster_name/carnicinth_alpha;Carnicinto alfa
monster_name/carnicinth_ultra;Carnicinto Ultra
monster_name/crader;Crader
monster_name/crader_alpha;Alfa di Crader
monster_name/crader_ultra;Crader Ultra
monster_name/creeper;Fermentus Acidus (lievito acido)
monster_name/drexolian;Drexoliano
monster_name/drexolian_alpha;Drexoliano Alfa
monster_name/drexolian_ultra;Drexoliana Ultra
monster_name/geotrupex;Geotrupex
monster_name/geotrupex_alpha;Geotrupex Alpha
monster_name/geotrupex_ultra;Geotrupex Ultra
monster_name/gnerot;Gnerot
monster_name/gnerot_alpha;Gnerot Alfa
monster_name/gnerot_ultra;Gnerot Ultra
monster_name/gnerot_boss;Capo Gnerot
monster_name/granan;Granatina
monster_name/granan_alpha;Granatina alfa
monster_name/granan_ultra;Granatina Ultra
monster_name/hammeroceros;Martelloceros
monster_name/hammeroceros_alpha;Martelloceros Alpha
monster_name/hammeroceros_ultra;Martelloceros Ultra
monster_name/hedroner;Edronico
monster_name/hedroner_alpha;Hedroner Alfa
monster_name/hedroner_ultra;Hedroner Ultra
monster_name/hedroner_morphium;Morfio di Hedroner
monster_name/jurvine;Giovinezza
monster_name/jurvine_alpha;Alfa di Jurvine
monster_name/jurvine_ultra;Ultra Jurvine
monster_name/kermon;Kermon
monster_name/kermon_alpha;Kermon Alfa
monster_name/kermon_ultra;Kermon Ultra
monster_name/kermon_metallic;Kermon Metallic
monster_name/krocoon;Crocoon
monster_name/krocoon_alpha;Krocoon Alfa
monster_name/krocoon_ultra;Crocoon Ultra
monster_name/lesigian;Lesigiano
monster_name/lesigian_alpha;Alfa lesigiano
monster_name/lesigian_ultra;Lesigian Ultra
monster_name/magmoth;Magmotta
monster_name/magmoth_alpha;Magmoth Alfa
monster_name/magmoth_ultra;Magmoth Ultra
monster_name/moltug;Moltiplicare
monster_name/moltug_alpha;Molti alfa
monster_name/moltug_ultra;Molto Ultra
monster_name/mothray;Razza falena
monster_name/mothray_alpha;Razza falena alfa
monster_name/mothray_ultra;Raggio di sole ultra
monster_name/mushbit;Mozzicone di fungo
monster_name/mushbit_alpha;Mushbit Alpha
monster_name/mushbit_ultra;Mushbit Ultra
monster_name/necrodon;Necrodonte
monster_name/necrodon_alpha;Necrodonte Alfa
monster_name/necrodon_ultra;Necrodonte Ultra
monster_name/nerilian;Neriliano
monster_name/nerilian_alpha;Neriliano Alfa
monster_name/nerilian_ultra;Neriliano Ultra
monster_name/nurglax;Nurglax
monster_name/nurglax_alpha;Nurglax Alfa
monster_name/nurglax_ultra;Nurglax Ultra
monster_name/phirian;Fyrian
monster_name/phirian_alpha;Alfa di Phirian
monster_name/phirian_ultra;Phirian Ultra
monster_name/quelver;Quelver
monster_name/quelver_alpha;Quelver Alpha
monster_name/quelver_ultra;Quelver Ultra
monster_name/rugwig;Rugwig
monster_name/rugwig_alpha;Alfa di Rugwig
monster_name/rugwig_ultra;Rugwig Ultra
monster_name/shegret;Segreto
monster_name/shegret_alpha;Shegret Alfa
monster_name/shegret_ultra;Shegret Ultra
monster_name/spawner_canoptrix;Canoptrix - Nido
monster_name/spawner_granan;Granan - Nido
monster_name/spawner_morirot;Morirot - Nido
monster_name/spawner_mushbit;Mushbit - Nido
monster_name/stregaros;Stregatti
monster_name/stregaros_alpha;Strega Alpha
monster_name/stregaros_ultra;Strega Ultra
monster_name/sulphorit;solforite
monster_name/sulphorit_alpha;Solforite alfa
monster_name/sulphorit_ultra;Solforite Ultra
monster_name/vathamite;Vathamita
monster_name/vathamite_alpha;Vathamita Alfa
monster_name/vathamite_ultra;Ultra Vathamita
monster_name/venomine;Venomicina
monster_name/venomine_alpha;Venomimina alfa
monster_name/venomine_ultra;Venomi Ultra
monster_name/vesaurus;Vesauro
monster_name/vesaurus_alpha;Vesauro Alfa
monster_name/vesaurus_ultra;Vesauro Ultra
monster_name/morirot;Morirotto
monster_name/morirot_alpha;Alfa di Morirot
monster_name/morirot_ultra;Morirot Ultra
monster_name/zorant;Zorant
monster_name/zorant_alpha;Zorant Alfa
monster_name/zorant_ultra;Zorant Ultra
monster_name/bradron;Bradrone
monster_name/bradron_alpha;Alfa di Bradron
monster_name/bradron_ultra;Bradron Ultra
monster_name/brabit;Brabita
monster_name/flurian;Fluriano
monster_name/flurian_alpha;Fluriano Alfa
monster_name/flurian_ultra;Ultra Fluriano
monster_name/hedroner_morphium;Morfio di Hedroner
monster_name/idapian;Idapio
monster_name/idapian_metallic;Metallico Idapico
monster_name/octabit;Ottabita
monster_name/octabit_alpha;Alfa ottabit
monster_name/octabit_ultra;Ottabibit Ultra
monster_name/stonger;Più forte
monster_name/wingmite;Mietitore alare
monster_name/wingmite_alpha;Alfa Wingmite
monster_name/wingmite_ultra;Wingmite Ultra
monster_name/stregaros_crystal;Cristalli
monster_name/stregaros_crystal_alpha;Cristallo Alpha
monster_name/stregaros_crystal_ultra;Cristallo Ultra
monster_name/arachnoid_crystal;Aracnomorto
monster_name/arachnoid_crystal_alpha;Aracnomorto alfa
monster_name/arachnoid_crystal_ultra;Aracnomorto Ultra
monster_name/canoptrix_crystal;Canomorto
monster_name/canoptrix_crystal_alpha;Canomortus Alfa
monster_name/canoptrix_crystal_ultra;Canomortus Ultra
monster_name/crysder;Cristallino
monster_name/moltug_crystal;Cristallo
monster_name/moltug_crystal_alpha;Alfa cristallino
monster_name/moltug_crystal_ultra;Cristallo Ultra
monster_name/crawlog;Registro di scansione
monster_name/crawlog_alpha;Alfa di Crawlog
monster_name/crawlog_ultra;Tracciato di scorrimento ultra
monster_name/gulgor;Gulgor
monster_name/gulgor_alpha;Alfa di Gulgor
monster_name/gulgor_ultra;Gulgor Ultra
monster_name/drillgor;Trapano
monster_name/drillgor_alpha;Trapano Alpha
monster_name/drillgor_ultra;Trapano Ultra
monster_name/viremoth;Viremoto
monster_name/viremoth_alpha;Viremoth Alfa
monster_name/viremoth_ultra;Viremoth Ultra
monster_name/gnerot_caverns;Caverna
monster_name/anoryxian_boss;Verme Anoryx
monster_name/anoryxian_boss_alpha;Verme Anoryx
monster_name/mudroner;Mudroner
monster_name/mudroner_alpha;Mudroner Alpha
monster_name/mudroner_ultra;Mudroner Ultra
monster_name/plutrodon;Plutrodon
monster_name/plutrodon_alpha;Plutrodon Alpha
monster_name/plutrodon_ultra;Plutrodon Ultra
monster_name/fungor;Fungor
monster_name/fungor_alpha;Fungor Alpha
monster_name/fungor_ultra;Fungor Ultra
monster_name/stickrid;Stickrid
monster_name/stickrid_alpha;Stickrid Alpha
monster_name/stickrid_ultra;Stickrid Ultra
monster_name/artigian;Artigian
monster_name/artigian_alpha;Artigian Alpha
monster_name/artigian_ultra;Artigian Ultra
monster_name/invigor;Invigor
monster_name/invigor_alpha;Invigor Alpha
monster_name/invigor_ultra;Invigor Ultra
monster_name/canceroth;Canceroth
monster_name/canceroth_alpha;Canceroth Alpha
monster_name/canceroth_ultra;Canceroth Ultra
monster_name/poogret;Poogret
monster_name/poogret_alpha;Poogret Alpha
monster_name/poogret_ultra;Poogret Ultra
monster_name/darnot;Darnot
monster_name/lurkid;Lurkid
monster_name/spawner_swamp;Spawrot
monster_name/spawner_swamp_canceroth;Canceroth – Gniazdo
prop_name/cactus_anemone_orange;Bulbus Anemone Luteus
prop_name/cactus_anemone_violet;Bulbus Anemone Rosea
prop_name/cactus_anemone_green;Bulbus Anemone Viridis
prop_name/mushroom_arachneum_pink;Fungus Arachneum Rosea
prop_name/mushroom_arachneum_orange;Fungus Arachneum Luteus
prop_name/mushroom_arachneum_green;Fungus Arachneum Viridis
prop_name/mushroom_bocoletus_brown;Fungus Bocoletus Brunus
prop_name/mushroom_bocoletus_green;Fungus Bocoletus Viridis
prop_name/mushroom_bocoletus_violet;Fungus Bocoletus Rosea
prop_name/mushroom_corallium_gray;Fungus Corallium Cinerus
prop_name/mushroom_corallium_orange;Fungus Corallium Luteus
prop_name/mushroom_corallium_pink;Fungus Corallium Rosea
prop_name/mushroom_virsum_pink;Fungus Virsum Rosea
prop_name/mushroom_virsum_orange;Fungus Virsum Luteus
prop_name/mushroom_virsum_red;Fungus Virsum Rubidus
prop_name/tree_mallow_pink;Bratus Vegetus Rosea
prop_name/tree_mallow_orange;Bratus Vegetus Luteus
prop_name/tree_mallow_blue;Bratus Vegetus Corulus
prop_name/tree_tongue_orange;Bratus Ligurio Luteus
prop_name/tree_tongue_violet;Bratus Ligurio Rosea
prop_name/tree_tongue_green;Bratus Ligurio Viridis
prop_name/mushroom_flat_top_orange;Fungus Plana Luteus
prop_name/mushroom_flat_top_azure;Fungus Plana Cyanus
prop_name/mushroom_flat_top_white;Fungus Plana Album
prop_name/tree_wyginus_pink;Bratus Flectus Rosea
prop_name/tree_wyginus_orange;Bratus Flectus Luteus
prop_name/tree_wyginus_blue;Bratus Flactus Corulus
prop_name/crystal_edgy_orange;Vitreus Silex Luteus
prop_name/crystal_edgy_fiery;Vitreus Silex Igneus
prop_name/crystal_edgy_blue;Vitreus Silex Corulus
prop_name/cactus_vibro_blue;Bulbus Tremor Corulus
prop_name/cactus_vibro_orange;Bulbus Tremor Luteus
prop_name/cactus_vibro_gold;Bulbus Tremor Aureus
prop_name/mushroom_exploding_orange;Fungus Displodo Luteus
prop_name/mushroom_exploding_blue;Fungus Displodo Corulus
prop_name/mushroom_exploding_white;Fungus Displodo Album
prop_name/mushroom_mycetoza_orange;Fungus Mycetoza Luteus
prop_name/mushroom_mycetoza_blue;Fungus Mycetoza Corulus
prop_name/mushroom_mycetoza_white;Fungus Mycetoza Album
prop_name/bush_cibarium_blue;Florium Cibarium Corulus
prop_name/bush_cibarium_orange;Florium Cibarium Luteus
prop_name/bush_cibarium_golden;Florium Cibarium Aureus
prop_name/bush_metallic_flowers;Florium Metallicus Floreo
prop_name/cactus_thorn_red;Bulbus Aculeus Rubidus
prop_name/cactus_thorn_blue;Bulbus Aculeus Corulus
prop_name/cactus_thorn_pink;Bulbus Aculeus Rosea
prop_name/crystal_metallic_red;Vitreus Metallicus Rubidus
prop_name/crystal_metallic_purple;Vitreus Metallicus Purpura
prop_name/crystal_metallic_blue;Vitreus Metallicus Corulus
prop_name/grass_metallic_spiky;Herba Metallicus Spica
prop_name/mushroom_metallic_gray;Fungus Metallicus Cinerus
prop_name/mushroom_metallic_blue;Fungus Metallicus Corulus
prop_name/mushroom_metallic_red;Fungus Metallicus Rubidus
prop_name/mushroom_stump_orange;Fungus Truncus Luteus
prop_name/mushroom_stump_red;Fungus Truncus Rubidus
prop_name/mushroom_stump_golden;Fungus Truncus Aureus
prop_name/bush_ray_flower;Florium Viridis
prop_name/cactus_fuzzball_red;Bulbus Spina Rubidus
prop_name/cactus_fuzzball_violet;Bulbus Spina Rosea
prop_name/cactus_fuzzball_green;Bulbus Spina Viridis
prop_name/cactus_pear_pink;Bulbus Pirum Rosea
prop_name/cactus_pear_orange;Bulbus Pirum Luteus
prop_name/cactus_pear_green;Bulbus Pirum Viridis
prop_name/cactus_pear_black;Bulbus Pirum Furvus
prop_name/cactus_pear_purple;Bulbus Pirum Purpura
prop_name/cactus_yellowtooth_green;Bulbus Dente Viridis
prop_name/cactus_yellowtooth_yellow;Bulbus Dente Flavus
prop_name/cactus_yellowtooth_red;Bulbus Dente Rubidus
prop_name/tree_blossomed_violet;Bratus Crystallo Rosea
prop_name/tree_blossomed_pink;Bratus Crystallo Cyanus
prop_name/tree_blossomed_orange;Bratus Crystallo Luteus
prop_name/mushroom_bulb_acid_orange;Fungus Acidus Luteus
prop_name/mushroom_bulb_acid_black;Fungus Acidus Furvus
prop_name/mushroom_bulb_acid_red;Fungus Acidus Rubidus
prop_name/mushroom_bulb_acid_pink;Fungus Acidus Rosea
prop_name/mushroom_bulb_acid_yellow;Fungus Acidus Flavus
prop_name/mushroom_lumio_blue;Fungus Tentacles Cyanes
prop_name/mushroom_lumio_orange;Fungus Tentacles Luteus
prop_name/mushroom_lumio_green;Fungus Tentacles Viridis
prop_name/mushroom_pearls_violet;Fungus Globulus Rosea
prop_name/mushroom_pearls_green;Fungus Globulus Viridis
prop_name/mushroom_pearls_red;Fungus Globulus Rubidus
prop_name/mushroom_standard_common;Fungus Regula Plebejus 
prop_name/mushroom_standard_blue;Fungus Regula Corulus 
prop_name/mushroom_standard_violet;Fungus Regula Rosea 
prop_name/mushroom_standard_red;Fungus Regula Rubidus 
prop_name/mushroom_standard_fluorescent;Fungus Regula Lucidus 
prop_name/mushroom_standard_orange;Fungus Regula Luteus 
prop_name/mushroom_vulgaris_orange;Fungus Pileus Luteus
prop_name/mushroom_vulgaris_violet;Fungus Pileus Rosea
prop_name/mushroom_vulgaris_gray;Fungus Pileus Cinerus
prop_name/mushroom_winding_violet;Fungus Spiralis Rosea
prop_name/mushroom_winding_orange;Fungus Spiralis Luteus
prop_name/mushroom_winding_gray;Fungus Spiralis Cinerus
prop_name/tree_burdock_green;Bratus Zizania Viridis
prop_name/tree_burdock_orange;Bratus Zizania Luteus
prop_name/tree_burdock_red;Bratus Zizania Rubidus
prop_name/tree_catkins_yellow;Bratus Amentis Flavus
prop_name/tree_catkins_blue;Bratus Amentis Corulus
prop_name/tree_catkins_red;Bratus Amentis Rubidus
prop_name/tree_catkins_green;Bratus Amentis Viridis
prop_name/tree_joshua_green;Bratus Agnus Viridis
prop_name/tree_joshua_orange;Bratus Agnus Luteus
prop_name/tree_joshua_blue;Bratus Agnus Corulus
prop_name/tree_leaky_red;Bratus Futilis Rubidus
prop_name/tree_leaky_orange;Bratus Futilis Flavus
prop_name/tree_leaky_gray;Bratus Futilis Cinerus
prop_name/tree_drexolian_green;Bratus Movens Viridis
prop_name/tree_drexolian_pink;Bratus Movens Rosea
prop_name/tree_drexolian_red;Bratus Movens Rubidus
prop_name/tree_floss_violet;Bratus Florus Rosea
prop_name/tree_floss_orange;Bratus Florus Luteus
prop_name/tree_floss_red;Bratus Florus Rubidus
prop_name/mushroom_spiky_bulb_pink;Fungus Crystallo Rosea
prop_name/mushroom_spiky_bulb_blue;Fungus Crystallo Corulus
prop_name/mushroom_spiky_bulb_red;Fungus Crystallo Luteus
prop_name/crystal_pure_blue;Vitreus Pura Corulus
prop_name/crystal_pure_green;Vitreus Pura Viridis
prop_name/crystal_pure_pink;Vitreus Pura Rosea
prop_name/crystal_pure_red;Vitreus Pura Rubidus
prop_name/crystal_entwined_blue;Vitreus Implexus Corulus
prop_name/crystal_entwined_green;Vitreus Implexus Viridis
prop_name/crystal_entwined_yellow;Vitreus Implexus Flavus
prop_name/crystal_entwined_purple;Vitreus Implexus Purpura
prop_name/crystal_entwined_red;Vitreus Implexus Rubidus
prop_name/cryo_plant;Peculiaris Fungus Glacio
prop_name/magnetic_boulder;Petra Magneticus
resource_name/specimen_arachnoid_boss;${resource_name/specimen} - ${monster_name/arachnoid_boss}
resource_name/specimen_arachnoid;${resource_name/specimen} - ${monster_name/arachnoid}
resource_name/specimen_arachnoid_alpha;${resource_name/specimen} - ${monster_name/arachnoid_alpha}
resource_name/specimen_arachnoid_elite;${resource_name/specimen} - ${monster_name/arachnoid_elite}
resource_name/specimen_arachnoid_ultra;${resource_name/specimen} - ${monster_name/arachnoid_ultra}
resource_name/specimen_baxmoth;${resource_name/specimen} - ${monster_name/baxmoth}
resource_name/specimen_baxmoth_alpha;${resource_name/specimen} - ${monster_name/baxmoth_alpha}
resource_name/specimen_baxmoth_ultra;${resource_name/specimen} - ${monster_name/baxmoth_ultra}
resource_name/specimen_bitrid;${resource_name/specimen} - ${monster_name/bitrid}
resource_name/specimen_bitrid_alpha;${resource_name/specimen} - ${monster_name/bitrid_alpha}
resource_name/specimen_bitrid_ultra;${resource_name/specimen} - ${monster_name/bitrid_ultra}
resource_name/specimen_bomogan;${resource_name/specimen} - ${monster_name/bomogan}
resource_name/specimen_bomogan_alpha;${resource_name/specimen} - ${monster_name/bomogan_alpha}
resource_name/specimen_bomogan_ultra;${resource_name/specimen} - ${monster_name/bomogan_ultra}
resource_name/specimen_canoptrix;${resource_name/specimen} - ${monster_name/canoptrix}
resource_name/specimen_canoptrix_alpha;${resource_name/specimen} - ${monster_name/canoptrix_alpha}
resource_name/specimen_canoptrix_ultra;${resource_name/specimen} - ${monster_name/canoptrix_ultra}
resource_name/specimen_carnicinth;${resource_name/specimen} - ${monster_name/carnicinth}
resource_name/specimen_carnicinth_alpha;${resource_name/specimen} - ${monster_name/carnicinth_alpha}
resource_name/specimen_carnicinth_ultra;${resource_name/specimen} - ${monster_name/carnicinth_ultra}
resource_name/specimen_crader;${resource_name/specimen} - ${monster_name/crader}
resource_name/specimen_crader_alpha;${resource_name/specimen} - ${monster_name/crader_alpha}
resource_name/specimen_crader_ultra;${resource_name/specimen} - ${monster_name/crader_ultra}
resource_name/specimen_creeper;${resource_name/specimen} - ${monster_name/creeper}
resource_name/specimen_drexolian;${resource_name/specimen} - ${monster_name/drexolian}
resource_name/specimen_drexolian_alpha;${resource_name/specimen} - ${monster_name/drexolian_alpha}
resource_name/specimen_drexolian_ultra;${resource_name/specimen} - ${monster_name/drexolian_ultra}
resource_name/specimen_geotrupex;${resource_name/specimen} - ${monster_name/geotrupex}
resource_name/specimen_geotrupex_alpha;${resource_name/specimen} - ${monster_name/geotrupex_alpha}
resource_name/specimen_geotrupex_ultra;${resource_name/specimen} - ${monster_name/geotrupex_ultra}
resource_name/specimen_gnerot;${resource_name/specimen} - ${monster_name/gnerot}
resource_name/specimen_gnerot_alpha;${resource_name/specimen} - ${monster_name/gnerot_alpha}
resource_name/specimen_gnerot_ultra;${resource_name/specimen} - ${monster_name/gnerot_ultra}
resource_name/specimen_gnerot_boss;${resource_name/specimen} - ${monster_name/gnerot_boss}
resource_name/specimen_gnerot_caverns;${resource_name/specimen} - ${monster_name/gnerot_caverns}
resource_name/specimen_granan;${resource_name/specimen} - ${monster_name/granan}
resource_name/specimen_granan_alpha;${resource_name/specimen} - ${monster_name/granan_alpha}
resource_name/specimen_granan_ultra;${resource_name/specimen} - ${monster_name/granan_ultra}
resource_name/specimen_hammeroceros;${resource_name/specimen} - ${monster_name/hammeroceros}
resource_name/specimen_hammeroceros_alpha;${resource_name/specimen} - ${monster_name/hammeroceros_alpha}
resource_name/specimen_hammeroceros_ultra;${resource_name/specimen} - ${monster_name/hammeroceros_ultra}
resource_name/specimen_hedroner;${resource_name/specimen} - ${monster_name/hedroner}
resource_name/specimen_hedroner_alpha;${resource_name/specimen} - ${monster_name/hedroner_alpha}
resource_name/specimen_hedroner_ultra;${resource_name/specimen} - ${monster_name/hedroner_ultra}
resource_name/specimen_hedroner_morphium;${resource_name/specimen} - ${monster_name/hedroner_morphium}
resource_name/specimen_jurvine;${resource_name/specimen} - ${monster_name/jurvine}
resource_name/specimen_jurvine_alpha;${resource_name/specimen} - ${monster_name/jurvine_alpha}
resource_name/specimen_jurvine_ultra;${resource_name/specimen} - ${monster_name/jurvine_ultra}
resource_name/specimen_kermon;${resource_name/specimen} - ${monster_name/kermon}
resource_name/specimen_kermon_alpha;${resource_name/specimen} - ${monster_name/kermon_alpha}
resource_name/specimen_kermon_ultra;${resource_name/specimen} - ${monster_name/kermon_ultra}
resource_name/specimen_kermon_metallic;${resource_name/specimen} - ${monster_name/kermon_metallic}
resource_name/specimen_krocoon;${resource_name/specimen} - ${monster_name/krocoon}
resource_name/specimen_krocoon_alpha;${resource_name/specimen} - ${monster_name/krocoon_alpha}
resource_name/specimen_krocoon_ultra;${resource_name/specimen} - ${monster_name/krocoon_ultra}
resource_name/specimen_lesigian;${resource_name/specimen} - ${monster_name/lesigian}
resource_name/specimen_lesigian_alpha;${resource_name/specimen} - ${monster_name/lesigian_alpha}
resource_name/specimen_lesigian_ultra;${resource_name/specimen} - ${monster_name/lesigian_ultra}
resource_name/specimen_magmoth;${resource_name/specimen} - ${monster_name/magmoth}
resource_name/specimen_magmoth_alpha;${resource_name/specimen} - ${monster_name/magmoth_alpha}
resource_name/specimen_magmoth_ultra;${resource_name/specimen} - ${monster_name/magmoth_ultra}
resource_name/specimen_moltug;${resource_name/specimen} - ${monster_name/moltug}
resource_name/specimen_moltug_alpha;${resource_name/specimen} - ${monster_name/moltug_alpha}
resource_name/specimen_moltug_ultra;${resource_name/specimen} - ${monster_name/moltug_ultra}
resource_name/specimen_mothray;${resource_name/specimen} - ${monster_name/mothray}
resource_name/specimen_mothray_alpha;${resource_name/specimen} - ${monster_name/mothray_alpha}
resource_name/specimen_mothray_ultra;${resource_name/specimen} - ${monster_name/mothray_ultra}
resource_name/specimen_mushbit;${resource_name/specimen} - ${monster_name/mushbit}
resource_name/specimen_mushbit_alpha;${resource_name/specimen} - ${monster_name/mushbit_alpha}
resource_name/specimen_mushbit_ultra;${resource_name/specimen} - ${monster_name/mushbit_ultra}
resource_name/specimen_necrodon;${resource_name/specimen} - ${monster_name/necrodon}
resource_name/specimen_necrodon_alpha;${resource_name/specimen} - ${monster_name/necrodon_alpha}
resource_name/specimen_necrodon_ultra;${resource_name/specimen} - ${monster_name/necrodon_ultra}
resource_name/specimen_nerilian;${resource_name/specimen} - ${monster_name/nerilian}
resource_name/specimen_nerilian_alpha;${resource_name/specimen} - ${monster_name/nerilian_alpha}
resource_name/specimen_nerilian_ultra;${resource_name/specimen} - ${monster_name/nerilian_ultra}
resource_name/specimen_nurglax;${resource_name/specimen} - ${monster_name/nurglax}
resource_name/specimen_nurglax_alpha;${resource_name/specimen} - ${monster_name/nurglax_alpha}
resource_name/specimen_nurglax_ultra;${resource_name/specimen} - ${monster_name/nurglax_ultra}
resource_name/specimen_phirian;${resource_name/specimen} - ${monster_name/phirian}
resource_name/specimen_phirian_alpha;${resource_name/specimen} - ${monster_name/phirian_alpha}
resource_name/specimen_phirian_ultra;${resource_name/specimen} - ${monster_name/phirian_ultra}
resource_name/specimen_quelver;${resource_name/specimen} - ${monster_name/quelver}
resource_name/specimen_quelver_alpha;${resource_name/specimen} - ${monster_name/quelver_alpha}
resource_name/specimen_quelver_ultra;${resource_name/specimen} - ${monster_name/quelver_ultra}
resource_name/specimen_rugwig;${resource_name/specimen} - ${monster_name/rugwig}
resource_name/specimen_rugwig_alpha;${resource_name/specimen} - ${monster_name/rugwig_alpha}
resource_name/specimen_rugwig_ultra;${resource_name/specimen} - ${monster_name/rugwig_ultra}
resource_name/specimen_shegret;${resource_name/specimen} - ${monster_name/shegret}
resource_name/specimen_shegret_alpha;${resource_name/specimen} - ${monster_name/shegret_alpha}
resource_name/specimen_shegret_ultra;${resource_name/specimen} - ${monster_name/shegret_ultra}
resource_name/specimen_spawner_canoptrix;${resource_name/specimen} - ${monster_name/spawner_canoptrix}
resource_name/specimen_spawner_granan;${resource_name/specimen} - ${monster_name/spawner_granan}
resource_name/specimen_spawner_morirot;${resource_name/specimen} - ${monster_name/spawner_morirot}
resource_name/specimen_spawner_mushbit;${resource_name/specimen} - ${monster_name/spawner_mushbit}
resource_name/specimen_stregaros;${resource_name/specimen} - ${monster_name/stregaros}
resource_name/specimen_stregaros_alpha;${resource_name/specimen} - ${monster_name/stregaros_alpha}
resource_name/specimen_stregaros_ultra;${resource_name/specimen} - ${monster_name/stregaros_ultra}
resource_name/specimen_sulphorit;${resource_name/specimen} - ${monster_name/sulphorit}
resource_name/specimen_sulphorit_alpha;${resource_name/specimen} - ${monster_name/sulphorit_alpha}
resource_name/specimen_sulphorit_ultra;${resource_name/specimen} - ${monster_name/sulphorit_ultra}
resource_name/specimen_vathamite;${resource_name/specimen} - ${monster_name/vathamite}
resource_name/specimen_vathamite_alpha;${resource_name/specimen} - ${monster_name/vathamite_alpha}
resource_name/specimen_vathamite_ultra;${resource_name/specimen} - ${monster_name/vathamite_ultra}
resource_name/specimen_venomine;${resource_name/specimen} - ${monster_name/venomine}
resource_name/specimen_venomine_alpha;${resource_name/specimen} - ${monster_name/venomine_alpha}
resource_name/specimen_venomine_ultra;${resource_name/specimen} - ${monster_name/venomine_ultra}
resource_name/specimen_vesaurus;${resource_name/specimen} - ${monster_name/vesaurus}
resource_name/specimen_vesaurus_alpha;${resource_name/specimen} - ${monster_name/vesaurus_alpha}
resource_name/specimen_vesaurus_ultra;${resource_name/specimen} - ${monster_name/vesaurus_ultra}
resource_name/specimen_morirot;${resource_name/specimen} - ${monster_name/morirot}
resource_name/specimen_morirot_alpha;${resource_name/specimen} - ${monster_name/morirot_alpha}
resource_name/specimen_morirot_ultra;${resource_name/specimen} - ${monster_name/morirot_ultra}
resource_name/specimen_zorant;${resource_name/specimen} - ${monster_name/zorant}
resource_name/specimen_zorant_alpha;${resource_name/specimen} - ${monster_name/zorant_alpha}
resource_name/specimen_zorant_ultra;${resource_name/specimen} - ${monster_name/zorant_ultra}
resource_name/specimen_bush_ray_flower;${resource_name/specimen} - ${prop_name/bush_ray_flower}
resource_name/specimen_cactus_fuzzball_red;${resource_name/specimen} - ${prop_name/cactus_fuzzball_red}
resource_name/specimen_cactus_fuzzball_violet;${resource_name/specimen} - ${prop_name/cactus_fuzzball_violet}
resource_name/specimen_cactus_fuzzball_green;${resource_name/specimen} - ${prop_name/cactus_fuzzball_green}
resource_name/specimen_cactus_pear_pink;${resource_name/specimen} - ${prop_name/cactus_pear_pink}
resource_name/specimen_cactus_pear_orange;${resource_name/specimen} - ${prop_name/cactus_pear_orange}
resource_name/specimen_cactus_pear_green;${resource_name/specimen} - ${prop_name/cactus_pear_green}
resource_name/specimen_cactus_pear_black;${resource_name/specimen} - ${prop_name/cactus_pear_black}
resource_name/specimen_cactus_pear_purple;${resource_name/specimen} - ${prop_name/cactus_pear_purple}
resource_name/specimen_cactus_yellowtooth_green;${resource_name/specimen} - ${prop_name/cactus_yellowtooth_green}
resource_name/specimen_cactus_yellowtooth_yellow;${resource_name/specimen} - ${prop_name/cactus_yellowtooth_yellow}
resource_name/specimen_cactus_yellowtooth_red;${resource_name/specimen} - ${prop_name/cactus_yellowtooth_red}
resource_name/specimen_tree_blossomed_violet;${resource_name/specimen} - ${prop_name/tree_blossomed_violet}
resource_name/specimen_tree_blossomed_pink;${resource_name/specimen} - ${prop_name/tree_blossomed_pink}
resource_name/specimen_tree_blossomed_orange;${resource_name/specimen} - ${prop_name/tree_blossomed_orange}
resource_name/specimen_mushroom_bulb_acid_orange;${resource_name/specimen} - ${prop_name/mushroom_bulb_acid_orange}
resource_name/specimen_mushroom_bulb_acid_black;${resource_name/specimen} - ${prop_name/mushroom_bulb_acid_black}
resource_name/specimen_mushroom_bulb_acid_red;${resource_name/specimen} - ${prop_name/mushroom_bulb_acid_red}
resource_name/specimen_mushroom_bulb_acid_pink;${resource_name/specimen} - ${prop_name/mushroom_bulb_acid_pink}
resource_name/specimen_mushroom_bulb_acid_yellow;${resource_name/specimen} - ${prop_name/mushroom_bulb_acid_yellow}
resource_name/specimen_mushroom_lumio_blue;${resource_name/specimen} - ${prop_name/mushroom_lumio_blue}
resource_name/specimen_mushroom_lumio_orange;${resource_name/specimen} - ${prop_name/mushroom_lumio_orange}
resource_name/specimen_mushroom_lumio_green;${resource_name/specimen} - ${prop_name/mushroom_lumio_green}
resource_name/specimen_mushroom_pearls_violet;${resource_name/specimen} - ${prop_name/mushroom_pearls_violet}
resource_name/specimen_mushroom_pearls_green;${resource_name/specimen} - ${prop_name/mushroom_pearls_green}
resource_name/specimen_mushroom_pearls_red;${resource_name/specimen} - ${prop_name/mushroom_pearls_red}
resource_name/specimen_mushroom_standard_common;${resource_name/specimen} - ${prop_name/mushroom_standard_common}
resource_name/specimen_mushroom_standard_blue;${resource_name/specimen} - ${prop_name/mushroom_standard_blue}
resource_name/specimen_mushroom_standard_violet;${resource_name/specimen} - ${prop_name/mushroom_standard_violet}
resource_name/specimen_mushroom_standard_red;${resource_name/specimen} - ${prop_name/mushroom_standard_red}
resource_name/specimen_mushroom_standard_fluorescent;${resource_name/specimen} - ${prop_name/mushroom_standard_fluorescent}
resource_name/specimen_mushroom_standard_orange;${resource_name/specimen} - ${prop_name/mushroom_standard_orange}
resource_name/specimen_mushroom_vulgaris_orange;${resource_name/specimen} - ${prop_name/mushroom_vulgaris_orange}
resource_name/specimen_mushroom_vulgaris_violet;${resource_name/specimen} - ${prop_name/mushroom_vulgaris_violet}
resource_name/specimen_mushroom_vulgaris_gray;${resource_name/specimen} - ${prop_name/mushroom_vulgaris_gray}
resource_name/specimen_mushroom_winding_violet;${resource_name/specimen} - ${prop_name/mushroom_winding_violet}
resource_name/specimen_mushroom_winding_orange;${resource_name/specimen} - ${prop_name/mushroom_winding_orange}
resource_name/specimen_mushroom_winding_gray;${resource_name/specimen} - ${prop_name/mushroom_winding_gray}
resource_name/specimen_tree_burdock_green;${resource_name/specimen} - ${prop_name/tree_burdock_green}
resource_name/specimen_tree_burdock_orange;${resource_name/specimen} - ${prop_name/tree_burdock_orange}
resource_name/specimen_tree_burdock_red;${resource_name/specimen} - ${prop_name/tree_burdock_red}
resource_name/specimen_tree_catkins_yellow;${resource_name/specimen} - ${prop_name/tree_catkins_yellow}
resource_name/specimen_tree_catkins_blue;${resource_name/specimen} - ${prop_name/tree_catkins_blue}
resource_name/specimen_tree_catkins_red;${resource_name/specimen} - ${prop_name/tree_catkins_red}
resource_name/specimen_tree_catkins_green;${resource_name/specimen} - ${prop_name/tree_catkins_green}
resource_name/specimen_tree_joshua_green;${resource_name/specimen} - ${prop_name/tree_joshua_green}
resource_name/specimen_tree_joshua_orange;${resource_name/specimen} - ${prop_name/tree_joshua_orange}
resource_name/specimen_tree_joshua_blue;${resource_name/specimen} - ${prop_name/tree_joshua_blue}
resource_name/specimen_tree_leaky_red;${resource_name/specimen} - ${prop_name/tree_leaky_red}
resource_name/specimen_tree_leaky_orange;${resource_name/specimen} - ${prop_name/tree_leaky_orange}
resource_name/specimen_tree_leaky_gray;${resource_name/specimen} - ${prop_name/tree_leaky_gray}
resource_name/specimen_tree_drexolian_green;${resource_name/specimen} - ${prop_name/tree_drexolian_green}
resource_name/specimen_tree_drexolian_pink;${resource_name/specimen} - ${prop_name/tree_drexolian_pink}
resource_name/specimen_tree_drexolian_red;${resource_name/specimen} - ${prop_name/tree_drexolian_red}
resource_name/specimen_tree_floss_violet;${resource_name/specimen} - ${prop_name/tree_floss_violet}
resource_name/specimen_tree_floss_orange;${resource_name/specimen} - ${prop_name/tree_floss_orange}
resource_name/specimen_tree_floss_red;${resource_name/specimen} - ${prop_name/tree_floss_red}
resource_name/specimen_mushroom_spiky_bulb_pink;${resource_name/specimen} - ${prop_name/mushroom_spiky_bulb_pink}
resource_name/specimen_mushroom_spiky_bulb_blue;${resource_name/specimen} - ${prop_name/mushroom_spiky_bulb_blue}
resource_name/specimen_mushroom_spiky_bulb_red;${resource_name/specimen} - ${prop_name/mushroom_spiky_bulb_red}
resource_name/specimen_crystal_pure_blue;${resource_name/specimen} - ${prop_name/crystal_pure_blue}
resource_name/specimen_crystal_pure_green;${resource_name/specimen} - ${prop_name/crystal_pure_green}
resource_name/specimen_crystal_pure_pink;${resource_name/specimen} - ${prop_name/crystal_pure_pink}
resource_name/specimen_crystal_pure_red;${resource_name/specimen} - ${prop_name/crystal_pure_red}
resource_name/specimen_crystal_entwined_blue;${resource_name/specimen} - ${prop_name/crystal_entwined_blue}
resource_name/specimen_crystal_entwined_green;${resource_name/specimen} - ${prop_name/crystal_entwined_green}
resource_name/specimen_crystal_entwined_yellow;${resource_name/specimen} - ${prop_name/crystal_entwined_yellow}
resource_name/specimen_crystal_entwined_purple;${resource_name/specimen} - ${prop_name/crystal_entwined_purple}
resource_name/specimen_crystal_entwined_red;${resource_name/specimen} - ${prop_name/crystal_entwined_red}
resource_name/specimen_cryo_plant;${resource_name/specimen} - ${prop_name/cryo_plant}
resource_name/specimen_magnetic_boulder;${resource_name/specimen} - ${prop_name/magnetic_boulder}
resource_name/specimen_bradron;${resource_name/specimen} - ${monster_name/bradron}
resource_name/specimen_bradron_alpha;${resource_name/specimen} - ${monster_name/bradron_alpha}
resource_name/specimen_bradron_ultra;${resource_name/specimen} - ${monster_name/bradron_ultra}
resource_name/specimen_brabit;${resource_name/specimen} - ${monster_name/brabit}
resource_name/specimen_flurian;${resource_name/specimen} - ${monster_name/flurian}
resource_name/specimen_flurian_alpha;${resource_name/specimen} - ${monster_name/flurian_alpha}
resource_name/specimen_flurian_ultra;${resource_name/specimen} - ${monster_name/flurian_ultra}
resource_name/specimen_hedroner_morphium;${resource_name/specimen} - ${monster_name/hedroner_morphium}
resource_name/specimen_idapian;${resource_name/specimen} - ${monster_name/idapian}
resource_name/specimen_idapian_metallic;${resource_name/specimen} - ${monster_name/idapian_metallic}
resource_name/specimen_octabit;${resource_name/specimen} - ${monster_name/octabit}
resource_name/specimen_octabit_alpha;${resource_name/specimen} - ${monster_name/octabit_alpha}
resource_name/specimen_octabit_ultra;${resource_name/specimen} - ${monster_name/octabit_ultra}
resource_name/specimen_stonger;${resource_name/specimen} - ${monster_name/stonger}
resource_name/specimen_wingmite;${resource_name/specimen} - ${monster_name/wingmite}
resource_name/specimen_wingmite_alpha;${resource_name/specimen} - ${monster_name/wingmite_alpha}
resource_name/specimen_wingmite_ultra;${resource_name/specimen} - ${monster_name/wingmite_ultra}
resource_name/specimen_alien_tower_artillery;${resource_name/specimen} - ${monster_name/alien_tower_artillery}
resource_name/specimen_alien_tower_plasma;${resource_name/specimen} - ${monster_name/alien_tower_plasma}
resource_name/specimen_spawner_alien;${resource_name/specimen} - ${monster_name/spawner_alien}
resource_name/specimen_bush_metallic_flowers;${resource_name/specimen} - ${prop_name/bush_metallic_flowers}
resource_name/specimen_cactus_thorn_red;${resource_name/specimen} - ${prop_name/cactus_thorn_red}
resource_name/specimen_cactus_thorn_blue;${resource_name/specimen} - ${prop_name/cactus_thorn_blue}
resource_name/specimen_cactus_thorn_pink;${resource_name/specimen} - ${prop_name/cactus_thorn_pink}
resource_name/specimen_crystal_metallic_red;${resource_name/specimen} - ${prop_name/crystal_metallic_red}
resource_name/specimen_crystal_metallic_purple;${resource_name/specimen} - ${prop_name/crystal_metallic_purple}
resource_name/specimen_crystal_metallic_blue;${resource_name/specimen} - ${prop_name/crystal_metallic_blue}
resource_name/specimen_grass_metallic_spiky;${resource_name/specimen} - ${prop_name/grass_metallic_spiky}
resource_name/specimen_mushroom_metallic_gray;${resource_name/specimen} - ${prop_name/mushroom_metallic_gray}
resource_name/specimen_mushroom_metallic_blue;${resource_name/specimen} - ${prop_name/mushroom_metallic_blue}
resource_name/specimen_mushroom_metallic_red;${resource_name/specimen} - ${prop_name/mushroom_metallic_red}
resource_name/specimen_mushroom_stump_orange;${resource_name/specimen} - ${prop_name/mushroom_stump_orange}
resource_name/specimen_mushroom_stump_red;${resource_name/specimen} - ${prop_name/mushroom_stump_red}
resource_name/specimen_mushroom_stump_golden;${resource_name/specimen} - ${prop_name/mushroom_stump_golden}
resource_name/specimen_stregaros_crystal;${resource_name/specimen} - ${monster_name/stregaros_crystal}
resource_name/specimen_stregaros_crystal_alpha;${resource_name/specimen} - ${monster_name/stregaros_crystal_alpha}
resource_name/specimen_stregaros_crystal_ultra;${resource_name/specimen} - ${monster_name/stregaros_crystal_ultra}
resource_name/specimen_arachnoid_crystal;${resource_name/specimen} - ${monster_name/arachnoid_crystal}
resource_name/specimen_arachnoid_crystal_alpha;${resource_name/specimen} - ${monster_name/arachnoid_crystal_alpha}
resource_name/specimen_arachnoid_crystal_ultra;${resource_name/specimen} - ${monster_name/arachnoid_crystal_ultra}
resource_name/specimen_canoptrix_crystal;${resource_name/specimen} - ${monster_name/canoptrix_crystal}
resource_name/specimen_canoptrix_crystal_alpha;${resource_name/specimen} - ${monster_name/canoptrix_crystal_alpha}
resource_name/specimen_canoptrix_crystal_ultra;${resource_name/specimen} - ${monster_name/canoptrix_crystal_ultra}
resource_name/specimen_crysder;${resource_name/specimen} - ${monster_name/crysder}
resource_name/specimen_moltug_crystal;${resource_name/specimen} - ${monster_name/moltug_crystal}
resource_name/specimen_moltug_crystal_alpha;${resource_name/specimen} - ${monster_name/moltug_crystal_alpha}
resource_name/specimen_moltug_crystal_ultra;${resource_name/specimen} - ${monster_name/moltug_crystal_ultra}
resource_name/specimen_crawlog;${resource_name/specimen} - ${monster_name/crawlog}
resource_name/specimen_crawlog_alpha;${resource_name/specimen} - ${monster_name/crawlog_alpha}
resource_name/specimen_crawlog_ultra;${resource_name/specimen} - ${monster_name/crawlog_ultra}
resource_name/specimen_gulgor;${resource_name/specimen} - ${monster_name/gulgor}
resource_name/specimen_gulgor_alpha;${resource_name/specimen} - ${monster_name/gulgor_alpha}
resource_name/specimen_gulgor_ultra;${resource_name/specimen} - ${monster_name/gulgor_ultra}
resource_name/specimen_drillgor;${resource_name/specimen} - ${monster_name/drillgor}
resource_name/specimen_drillgor_alpha;${resource_name/specimen} - ${monster_name/drillgor_alpha}
resource_name/specimen_drillgor_ultra;${resource_name/specimen} - ${monster_name/drillgor_ultra}
resource_name/specimen_viremoth;${resource_name/specimen} - ${monster_name/viremoth}
resource_name/specimen_viremoth_alpha;${resource_name/specimen} - ${monster_name/viremoth_alpha}
resource_name/specimen_viremoth_ultra;${resource_name/specimen} - ${monster_name/viremoth_ultra}
resource_name/specimen_gnerot_caverns;${resource_name/specimen} - ${monster_name/gnerot_caverns}
resource_name/specimen_mushroom_flat_top_orange;${resource_name/specimen} - ${prop_name/mushroom_flat_top_orange}
resource_name/specimen_mushroom_flat_top_azure;${resource_name/specimen} - ${prop_name/mushroom_flat_top_azure}
resource_name/specimen_mushroom_flat_top_white;${resource_name/specimen} - ${prop_name/mushroom_flat_top_white}
resource_name/specimen_tree_wyginus_pink;${resource_name/specimen} - ${prop_name/tree_wyginus_pink}
resource_name/specimen_tree_wyginus_orange;${resource_name/specimen} - ${prop_name/tree_wyginus_orange}
resource_name/specimen_tree_wyginus_blue;${resource_name/specimen} - ${prop_name/tree_wyginus_blue}
resource_name/specimen_crystal_edgy_orange;${resource_name/specimen} - ${prop_name/crystal_edgy_orange}
resource_name/specimen_crystal_edgy_fiery;${resource_name/specimen} - ${prop_name/crystal_edgy_fiery}
resource_name/specimen_crystal_edgy_blue;${resource_name/specimen} - ${prop_name/crystal_edgy_blue}
resource_name/specimen_cactus_vibro_blue;${resource_name/specimen} - ${prop_name/cactus_vibro_blue}
resource_name/specimen_cactus_vibro_orange;${resource_name/specimen} - ${prop_name/cactus_vibro_orange}
resource_name/specimen_cactus_vibro_gold;${resource_name/specimen} - ${prop_name/cactus_vibro_gold}
resource_name/specimen_mushroom_exploding_orange;${resource_name/specimen} - ${prop_name/mushroom_exploding_orange}
resource_name/specimen_mushroom_exploding_blue;${resource_name/specimen} - ${prop_name/mushroom_exploding_blue}
resource_name/specimen_mushroom_exploding_white;${resource_name/specimen} - ${prop_name/mushroom_exploding_white}
resource_name/specimen_mushroom_mycetoza_orange;${resource_name/specimen} - ${prop_name/mushroom_mycetoza_orange}
resource_name/specimen_mushroom_mycetoza_blue;${resource_name/specimen} - ${prop_name/mushroom_mycetoza_blue}
resource_name/specimen_mushroom_mycetoza_white;${resource_name/specimen} - ${prop_name/mushroom_mycetoza_white}
resource_name/specimen_bush_cibarium_blue;${resource_name/specimen} - ${prop_name/bush_cibarium_blue}
resource_name/specimen_bush_cibarium_orange;${resource_name/specimen} - ${prop_name/bush_cibarium_orange}
resource_name/specimen_bush_cibarium_golden;${resource_name/specimen} - ${prop_name/bush_cibarium_golden}
resource_name/specimen_cactus_anemone_orange;${resource_name/specimen} - ${prop_name/cactus_anemone_orange}
resource_name/specimen_cactus_anemone_violet;${resource_name/specimen} - ${prop_name/cactus_anemone_violet}
resource_name/specimen_cactus_anemone_green;${resource_name/specimen} - ${prop_name/cactus_anemone_green}
resource_name/specimen_mushroom_arachneum_pink;${resource_name/specimen} - ${prop_name/mushroom_arachneum_pink}
resource_name/specimen_mushroom_arachneum_orange;${resource_name/specimen} - ${prop_name/mushroom_arachneum_orange}
resource_name/specimen_mushroom_arachneum_green;${resource_name/specimen} - ${prop_name/mushroom_arachneum_green}
resource_name/specimen_mushroom_bocoletus_brown;${resource_name/specimen} - ${prop_name/mushroom_bocoletus_brown}
resource_name/specimen_mushroom_bocoletus_green;${resource_name/specimen} - ${prop_name/mushroom_bocoletus_green}
resource_name/specimen_mushroom_bocoletus_violet;${resource_name/specimen} - ${prop_name/mushroom_bocoletus_violet}
resource_name/specimen_mushroom_corallium_gray;${resource_name/specimen} - ${prop_name/mushroom_corallium_gray}
resource_name/specimen_mushroom_corallium_orange;${resource_name/specimen} - ${prop_name/mushroom_corallium_orange}
resource_name/specimen_mushroom_corallium_pink;${resource_name/specimen} - ${prop_name/mushroom_corallium_pink}
resource_name/specimen_mushroom_virsum_pink;${resource_name/specimen} - ${prop_name/mushroom_virsum_pink}
resource_name/specimen_mushroom_virsum_orange;${resource_name/specimen} - ${prop_name/mushroom_virsum_orange}
resource_name/specimen_mushroom_virsum_red;${resource_name/specimen} - ${prop_name/mushroom_virsum_red}
resource_name/specimen_tree_mallow_pink;${resource_name/specimen} - ${prop_name/tree_mallow_pink}
resource_name/specimen_tree_mallow_orange;${resource_name/specimen} - ${prop_name/tree_mallow_orange}
resource_name/specimen_tree_mallow_blue;${resource_name/specimen} - ${prop_name/tree_mallow_blue}
resource_name/specimen_tree_tongue_orange;${resource_name/specimen} - ${prop_name/tree_tongue_orange}
resource_name/specimen_tree_tongue_violet;${resource_name/specimen} - ${prop_name/tree_tongue_violet}
resource_name/specimen_tree_tongue_green;${resource_name/specimen} - ${prop_name/tree_tongue_green}
resource_name/specimen_mudroner;${resource_name/specimen} - ${monster_name/mudroner}
resource_name/specimen_plutrodon;${resource_name/specimen} - ${monster_name/plutrodon}
resource_name/specimen_plutrodon_alpha;${resource_name/specimen} - ${monster_name/plutrodon_alpha}
resource_name/specimen_plutrodon_ultra;${resource_name/specimen} - ${monster_name/plutrodon_ultra}
resource_name/specimen_stickrid;${resource_name/specimen} - ${monster_name/stickrid}
resource_name/specimen_stickrid_alpha;${resource_name/specimen} - ${monster_name/stickrid_alpha}
resource_name/specimen_stickrid_ultra;${resource_name/specimen} - ${monster_name/stickrid_ultra}
resource_name/specimen_fungor;${resource_name/specimen} - ${monster_name/fungor}
resource_name/specimen_fungor_alpha;${resource_name/specimen} - ${monster_name/fungor_alpha}
resource_name/specimen_fungor_ultra;${resource_name/specimen} - ${monster_name/fungor_ultra}
resource_name/specimen_canceroth;${resource_name/specimen} - ${monster_name/canceroth}
resource_name/specimen_canceroth_alpha;${resource_name/specimen} - ${monster_name/canceroth_alpha}
resource_name/specimen_canceroth_ultra;${resource_name/specimen} - ${monster_name/canceroth_ultra}
resource_name/specimen_artigian;${resource_name/specimen} - ${monster_name/artigian}
resource_name/specimen_artigian_alpha;${resource_name/specimen} - ${monster_name/artigian_alpha}
resource_name/specimen_artigian_ultra;${resource_name/specimen} - ${monster_name/artigian_ultra}
resource_name/specimen_invigor;${resource_name/specimen} - ${monster_name/invigor}
resource_name/specimen_invigor_alpha;${resource_name/specimen} - ${monster_name/invigor_alpha}
resource_name/specimen_invigor_ultra;${resource_name/specimen} - ${monster_name/invigor_ultra}
resource_name/specimen_poogret;${resource_name/specimen} - ${monster_name/poogret}
resource_name/specimen_darnot;${resource_name/specimen} - ${monster_name/darnot}
resource_name/specimen_lurkid;${resource_name/specimen} - ${monster_name/lurkid}
resource_name/specimen_spawner_swamp;${resource_name/specimen} - ${monster_name/spawner_swamp}
resource_name/specimen_spawner_swamp_canceroth;${resource_name/specimen} - ${monster_name/spawner_swamp_canceroth}
